"DESCRIPTION","DURATION IN MS","NAME","PARENT SUITE","START TIME","STATUS","STOP TIME","SUB SUITE","SUITE","TEST CLASS","TEST METHOD"
"","20577","google to youtube search and capture first Valorant result","chromium","2026-06-30","failed","2026-06-30","","google-youtube-search.spec.ts","",""
"","11829","openURL","chromium","2026-05-15","passed","2026-05-15","","Naukari\updateProfile.spec.ts","",""
"","0","simplealerts","chromium","2026-04-19","skipped","2026-04-19","testing > alerts","MyTests\aaj18042026.spec.ts","",""
"","1202","open dropdown page","chromium","2026-06-24","passed","2026-06-24","","DEMO\dropdown.spec.ts","",""
"","11794","tab windows","chromium","2026-04-19","passed","2026-04-19","testing","MyTests\aaj18042026.spec.ts","",""
"","5909","checkbox","chromium","2026-04-19","passed","2026-04-19","testing","MyTests\aaj18042026.spec.ts","",""
"","9","excel write","webkit","2026-04-26","passed","2026-04-26","","DEMO\excelreadwrite.spec.ts","",""
"","1984","login","chromium","2026-05-15","passed","2026-05-15","","Naukari\updateProfile.spec.ts","",""
"","11","json read","chromium","2026-04-26","passed","2026-04-26","","DEMO\jsonreadwrite.spec.ts","",""
"","10","json write","chromium","2026-04-26","passed","2026-04-26","","DEMO\jsonreadwrite.spec.ts","",""
"","141","dialog alerts","chromium","2026-04-18","failed","2026-04-18","testing","MyTests\aaj18042026.spec.ts","",""
"","5680","fill all","chromium","2026-04-18","passed","2026-04-18","","MyTests\aaj18042026.spec.ts","",""
"","973","login","chromium","2026-06-18","passed","2026-06-18","","Naukari\interest.spec.ts","",""
"","65803","frameinframe","chromium","2026-05-22","passed","2026-05-22","","DEMO\iframes.spec.ts","",""
"","8208","select value from dropdown","chromium","2026-06-24","passed","2026-06-24","","DEMO\dropdown.spec.ts","",""
"","117","fill all","chromium","2026-04-19","passed","2026-04-19","testing","MyTests\aaj18042026.spec.ts","",""
"","1120","tab popups windows","chromium","2026-04-19","passed","2026-04-19","testing","MyTests\aaj18042026.spec.ts","",""
"","3782","frames","chromium","2026-04-19","passed","2026-04-19","testing","MyTests\aaj18042026.spec.ts","",""
"","23384","google to youtube search and capture first Valorant result","webkit","2026-06-30","failed","2026-06-30","","google-youtube-search.spec.ts","",""
"","3715","shadow rrot","chromium","2026-05-20","passed","2026-05-20","","DEMO\iframes.spec.ts","",""
"","50","excel read","chromium","2026-04-26","failed","2026-04-26","","DEMO\excelreadwrite.spec.ts","",""
"","30439","playwright","chromium","2026-05-07","failed","2026-05-07","","DEMO\path.spec.ts","",""
"","19","excel write","firefox","2026-04-26","passed","2026-04-26","","DEMO\excelreadwrite.spec.ts","",""
"","1181","windows","chromium","2026-04-19","passed","2026-04-19","testing","MyTests\aaj18042026.spec.ts","",""
"","3733","radio","chromium","2026-04-18","passed","2026-04-18","","MyTests\aaj18042026.spec.ts","",""
"","127198","share interest","chromium","2026-06-18","failed","2026-06-18","","Naukari\interest.spec.ts","",""
"","25174","update profile","chromium","2026-05-15","passed","2026-05-15","","Naukari\updateProfile.spec.ts","",""
"","3185","openURL","chromium","2026-06-18","passed","2026-06-18","","Naukari\interest.spec.ts","",""
"","7545","open Url","chromium","2026-06-24","passed","2026-06-24","","DEMO\dropdown.spec.ts","",""
"","1","confirmation alerts","chromium","2026-04-19","skipped","2026-04-19","testing > alerts","MyTests\aaj18042026.spec.ts","",""
"","18","excel write","chromium","2026-04-26","passed","2026-04-26","","DEMO\excelreadwrite.spec.ts","",""
"","60","excel read","webkit","2026-04-26","failed","2026-04-26","","DEMO\excelreadwrite.spec.ts","",""
"","649","radio","chromium","2026-04-19","passed","2026-04-19","testing","MyTests\aaj18042026.spec.ts","",""
"","2","prompt alerts","chromium","2026-04-19","skipped","2026-04-19","testing > alerts","MyTests\aaj18042026.spec.ts","",""
"","254","store values frm DD","chromium","2026-06-24","passed","2026-06-24","","DEMO\dropdown.spec.ts","",""
"","28198","google to youtube search and capture first Valorant result","firefox","2026-06-30","failed","2026-06-30","","google-youtube-search.spec.ts","",""
"","102","excel read","firefox","2026-04-26","failed","2026-04-26","","DEMO\excelreadwrite.spec.ts","",""
